Date,Capacity,Turnover,Open,High,Low,Close,Change,Transaction,AdjFactor,Open_adj,Close_adj,Low_adj,High_adj
2023-10-31,139115,8711857,63.5,63.8,61.5,61.5,0.0,110,0.9034511474774862,57.3691,55.5622,55.5622,57.6402
2023-11-01,42085,2607220,61.7,62.2,61.7,62.0,0.5,38,0.9034511474774862,55.7429,56.014,55.7429,56.1947
2023-11-02,62795,3896380,62.4,62.6,61.6,61.6,-0.4,152,0.9034511474774862,56.3754,55.6526,55.6526,56.556
2023-11-03,23754,1461035,62.4,62.5,61.3,61.5,-0.1,23,0.9034511474774862,56.3754,55.5622,55.3816,56.4657
2023-11-06,41442,2537125,61.6,61.6,61.0,61.3,-0.2,42,0.9034511474774862,55.6526,55.3816,55.1105,55.6526
2023-11-07,60310,3671611,61.3,61.7,60.5,61.0,-0.3,48,0.9034511474774862,55.3816,55.1105,54.6588,55.7429
2023-11-08,13897,848947,61.4,61.6,61.0,61.0,0.0,21,0.9034511474774862,55.4719,55.1105,55.1105,55.6526
2023-11-09,86161,5206972,61.4,61.4,60.0,60.0,-1.0,59,0.9034511474774862,55.4719,54.2071,54.2071,55.4719
2023-11-10,65250,3906390,59.9,60.0,59.7,59.7,-0.3,53,0.9034511474774862,54.1167,53.936,53.936,54.2071
2023-11-13,113765,6769568,59.7,60.0,59.2,60.0,0.3,263,0.9034511474774862,53.936,54.2071,53.4843,54.2071
2023-11-14,54409,3212434,59.1,59.3,58.9,59.0,-1.0,208,0.9034511474774862,53.394,53.3036,53.2133,53.5747
2023-11-15,22000,1308000,59.4,59.7,59.3,59.5,0.5,17,0.9034511474774862,53.665,53.7553,53.5747,53.936
2023-11-16,95187,5695915,59.5,60.2,59.5,59.5,0.0,61,0.9034511474774862,53.7553,53.7553,53.7553,54.3878
2023-11-17,62100,3697930,59.5,60.0,59.4,59.4,-0.1,44,0.9034511474774862,53.7553,53.665,53.665,54.2071
2023-11-20,17632,1053885,59.9,60.3,59.3,60.2,0.8,22,0.9034511474774862,54.1167,54.3878,53.5747,54.4781
2023-11-21,66738,4014629,60.6,60.7,60.0,60.0,-0.2,212,0.9034511474774862,54.7491,54.2071,54.2071,54.8395
2023-11-22,60495,3630154,59.7,60.3,59.7,59.9,-0.1,33,0.9034511474774862,53.936,54.1167,53.936,54.4781
2023-11-23,42987,2577929,60.0,60.2,60.0,60.0,0.1,30,0.9034511474774862,54.2071,54.2071,54.2071,54.3878
2023-11-24,28659,1717843,60.0,60.0,59.8,59.8,-0.2,73,0.9034511474774862,54.2071,54.0264,54.0264,54.2071
2023-11-27,60254,3619353,59.5,61.0,59.5,60.0,0.2,285,0.9034511474774862,53.7553,54.2071,53.7553,55.1105
2023-11-28,101462,6032670,60.0,60.0,58.9,58.9,-1.1,168,0.9034511474774862,54.2071,53.2133,53.2133,54.2071
2023-11-29,60374,3563662,59.4,59.4,58.5,59.4,0.5,86,0.9034511474774862,53.665,53.665,52.8519,53.665
2023-11-30,52449,3092830,59.0,59.3,58.7,58.7,-0.7,198,0.9034511474774862,53.3036,53.0326,53.0326,53.5747
2023-12-01,33204,1955546,58.9,59.0,58.8,58.8,0.1,44,0.9034511474774862,53.2133,53.1229,53.1229,53.3036
2023-12-04,24451,1443495,58.9,59.2,58.9,59.2,0.4,28,0.9034511474774862,53.2133,53.4843,53.2133,53.4843
2023-12-05,36061,2114587,58.9,59.0,58.3,58.4,-0.8,407,0.9034511474774862,53.2133,52.7615,52.6712,53.3036
2023-12-06,33316,1959901,59.1,59.1,58.6,58.8,0.4,52,0.9034511474774862,53.394,53.1229,52.9422,53.394
2023-12-07,66157,3862521,59.3,59.3,58.1,58.9,0.1,223,0.9034511474774862,53.5747,53.2133,52.4905,53.5747
2023-12-08,70220,4103225,58.9,58.9,58.2,58.3,-0.6,80,0.9034511474774862,53.2133,52.6712,52.5809,53.2133
2023-12-11,43473,2539924,58.5,58.9,58.1,58.3,0.0,50,0.9034511474774862,52.8519,52.6712,52.4905,53.2133
2023-12-12,72724,4211982,58.2,58.8,57.4,57.4,-0.9,152,0.9034511474774862,52.5809,51.8581,51.8581,53.1229
2023-12-13,77102,4400306,57.4,57.4,56.8,57.2,-0.2,191,0.9034511474774862,51.8581,51.6774,51.316,51.8581
2023-12-14,43943,2510085,57.0,57.3,56.9,57.0,-0.2,58,0.9034511474774862,51.4967,51.4967,51.4064,51.7678
2023-12-15,120925,6888380,56.9,57.1,56.9,57.0,0.0,148,0.9034511474774862,51.4064,51.4967,51.4064,51.5871
2023-12-18,108123,6256892,57.0,58.6,57.0,58.0,1.0,116,0.9034511474774862,51.4967,52.4002,51.4967,52.9422
2023-12-19,77000,4482800,58.5,58.6,57.8,58.3,0.3,54,0.9034511474774862,52.8519,52.6712,52.2195,52.9422
2023-12-20,66806,3865494,58.3,58.3,57.5,57.6,-0.7,50,0.9034511474774862,52.6712,52.0388,51.9484,52.6712
2023-12-21,36682,2114117,57.6,57.9,57.3,57.8,0.2,35,0.9034511474774862,52.0388,52.2195,51.7678,52.3098
2023-12-22,53340,3055966,57.5,57.5,57.0,57.2,-0.6,106,0.9034511474774862,51.9484,51.6774,51.4967,51.9484
2023-12-25,49644,2826311,57.2,57.2,56.8,56.8,-0.4,349,0.9034511474774862,51.6774,51.316,51.316,51.6774
2023-12-26,74805,4237375,56.9,56.9,56.5,56.7,-0.1,114,0.9034511474774862,51.4064,51.2257,51.045,51.4064
2023-12-27,132481,7410042,56.8,56.8,55.0,55.8,-0.9,116,0.9034511474774862,51.316,50.4126,49.6898,51.316
2023-12-28,97295,5379571,55.5,55.6,55.1,55.4,-0.4,99,0.9034511474774862,50.1415,50.0512,49.7802,50.2319
2023-12-29,40608,2262537,55.4,55.9,55.4,55.9,0.5,46,0.9034511474774862,50.0512,50.5029,50.0512,50.5029
2024-01-02,41255,2319180,55.9,56.5,55.9,56.5,0.6,30,0.9034511474774862,50.5029,51.045,50.5029,51.045
2024-01-03,46185,2567075,56.3,56.3,55.1,55.5,-1.0,77,0.9034511474774862,50.8643,50.1415,49.7802,50.8643
2024-01-04,49326,2713244,54.0,55.5,54.0,55.2,-0.3,42,0.9034511474774862,48.7864,49.8705,48.7864,50.1415
2024-01-05,60872,3352035,55.2,55.3,54.9,54.9,-0.3,106,0.9034511474774862,49.8705,49.5995,49.5995,49.9608
2024-01-08,35139,1958537,55.5,55.9,55.3,55.9,1.0,32,0.9034511474774862,50.1415,50.5029,49.9608,50.5029
2024-01-09,41402,2286740,55.8,55.8,55.0,55.3,-0.6,54,0.9034511474774862,50.4126,49.9608,49.6898,50.4126
2024-01-10,28047,1546377,55.8,55.8,54.9,55.3,0.0,198,0.9034511474774862,50.4126,49.9608,49.5995,50.4126
2024-01-11,75381,4106798,55.2,55.2,53.0,53.5,-1.8,117,0.9034511474774862,49.8705,48.3346,47.8829,49.8705
2024-01-12,83553,4480766,53.4,54.0,53.3,53.3,-0.2,121,0.9034511474774862,48.2443,48.1539,48.1539,48.7864
2024-01-15,83417,4410992,52.6,53.2,52.6,52.6,-0.7,261,0.9034511474774862,47.5215,47.5215,47.5215,48.0636
2024-01-16,106068,5535961,52.5,52.9,51.4,52.4,-0.2,117,0.9034511474774862,47.4312,47.3408,46.4374,47.7926
2024-01-17,96489,4994053,51.8,52.3,51.5,51.5,-0.9,101,0.9034511474774862,46.7988,46.5277,46.5277,47.2505
2024-01-18,111473,5651408,50.7,51.5,50.1,50.8,-0.7,144,0.9034511474774862,45.805,45.8953,45.2629,46.5277
2024-01-19,59995,3055478,50.7,52.0,50.4,52.0,1.2,111,0.9034511474774862,45.805,46.9795,45.5339,46.9795
2024-01-22,46736,2388286,51.3,51.4,50.7,50.7,-1.3,112,0.9034511474774862,46.347,45.805,45.805,46.4374
2024-01-23,77993,3918304,51.0,51.0,50.0,50.1,-0.6,113,0.9034511474774862,46.076,45.2629,45.1726,46.076
2024-01-24,53468,2685179,50.1,50.5,49.95,50.2,0.1,55,0.9034511474774862,45.2629,45.3532,45.1274,45.6243
2024-01-25,34240,1718980,50.2,50.5,50.0,50.2,0.0,35,0.9034511474774862,45.3532,45.3532,45.1726,45.6243
2024-01-26,91246,4685109,50.1,53.0,50.0,51.9,1.7,104,0.9034511474774862,45.2629,46.8891,45.1726,47.8829
2024-01-29,91644,4874136,53.6,53.6,52.8,53.3,1.4,85,0.9034511474774862,48.425,48.1539,47.7022,48.425
2024-01-30,62372,3268886,52.2,52.9,51.8,52.5,-0.8,70,0.9034511474774862,47.1601,47.4312,46.7988,47.7926
2024-01-31,171231,9136638,52.5,53.9,52.5,53.9,1.4,110,0.9034511474774862,47.4312,48.696,47.4312,48.696
2024-02-01,185341,10259106,54.2,56.0,54.2,56.0,2.1,160,0.9034511474774862,48.9671,50.5933,48.9671,50.5933
2024-02-02,117988,6476269,56.7,56.7,54.2,54.2,-1.8,122,0.9034511474774862,51.2257,48.9671,48.9671,51.2257
2024-02-05,120648,6345176,54.0,54.0,52.0,52.0,-2.2,221,0.9034511474774862,48.7864,46.9795,46.9795,48.7864
2024-02-15,64338,3428362,52.5,53.9,52.5,53.0,1.0,72,0.9034511474774862,47.4312,47.8829,47.4312,48.696
2024-02-16,19235,1017754,53.2,53.2,52.7,52.8,-0.2,36,0.9034511474774862,48.0636,47.7022,47.6119,48.0636
2024-02-19,104125,5545742,53.0,53.7,52.8,53.7,0.9,61,0.9034511474774862,47.8829,48.5153,47.7022,48.5153
2024-02-20,101547,5513017,53.7,55.0,53.0,54.3,0.6,143,0.9034511474774862,48.5153,49.0574,47.8829,49.6898
2024-02-21,77015,4199776,54.7,55.0,54.1,54.2,-0.1,54,0.9034511474774862,49.4188,48.9671,48.8767,49.6898
2024-02-22,28345,1532849,54.2,54.4,53.9,54.3,0.1,28,0.9034511474774862,48.9671,49.0574,48.696,49.1477
2024-02-23,37598,2025657,54.0,54.1,53.5,53.5,-0.8,102,0.9034511474774862,48.7864,48.3346,48.3346,48.8767
2024-02-26,63595,3359837,53.5,53.5,52.3,52.8,-0.7,59,0.9034511474774862,48.3346,47.7022,47.2505,48.3346
2024-02-27,70127,3654754,52.5,52.7,51.2,52.7,-0.1,461,0.9034511474774862,47.4312,47.6119,46.2567,47.6119
2024-02-29,125667,6714440,52.7,54.9,52.7,53.6,0.9,90,0.9034511474774862,47.6119,48.425,47.6119,49.5995
2024-03-01,121124,6634970,53.3,56.0,53.2,55.4,1.8,98,0.9034511474774862,48.1539,50.0512,48.0636,50.5933
2024-03-04,2344343,135371772,56.0,58.2,56.0,57.8,2.4,446,0.9034511474774862,50.5933,52.2195,50.5933,52.5809
2024-03-05,989453,61969761,58.8,63.5,58.8,63.5,5.7,808,0.9034511474774862,53.1229,57.3691,53.1229,57.3691
2024-03-06,1272408,82481901,64.9,67.0,63.5,63.6,0.1,1525,0.9034511474774862,58.634,57.4595,57.3691,60.5312
2024-03-07,407384,25721462,63.8,64.6,62.1,62.3,-1.3,288,0.9034511474774862,57.6402,56.285,56.1043,58.3629
2024-03-08,450234,27626895,62.3,63.5,60.0,63.0,0.7,345,0.9034511474774862,56.285,56.9174,54.2071,57.3691
2024-03-11,441857,28695244,63.3,66.0,63.0,65.0,2.0,387,0.9034511474774862,57.1885,58.7243,56.9174,59.6278
2024-03-12,318313,20909956,65.6,66.3,65.3,65.5,0.5,233,0.9034511474774862,59.2664,59.1761,58.9954,59.8988
2024-03-13,175720,11448924,65.2,66.4,64.6,64.9,-0.6,263,0.9034511474774862,58.905,58.634,58.3629,59.9892
2024-03-14,335566,21671424,64.8,66.0,63.8,63.8,-1.1,239,0.9034511474774862,58.5436,57.6402,57.6402,59.6278
2024-03-15,141763,8917507,64.0,64.0,62.1,62.1,-1.7,161,0.9034511474774862,57.8209,56.1043,56.1043,57.8209
2024-03-18,329374,20041989,62.1,62.6,59.6,60.5,-1.6,234,0.9034511474774862,56.1043,54.6588,53.8457,56.556
2024-03-19,123978,7656095,60.9,62.8,60.9,61.2,0.7,133,0.9034511474774862,55.0202,55.2912,55.0202,56.7367
2024-03-20,97218,5962965,61.5,62.0,60.8,60.8,-0.4,193,0.9034511474774862,55.5622,54.9298,54.9298,56.014
2024-03-21,48348,2946037,61.5,61.5,60.4,60.8,0.0,72,0.9034511474774862,55.5622,54.9298,54.5684,55.5622
2024-03-22,138528,8497904,60.8,62.2,60.1,61.9,1.1,85,0.9034511474774862,54.9298,55.9236,54.2974,56.1947
2024-03-25,152344,9539089,62.1,63.7,61.6,62.8,0.9,99,0.9034511474774862,56.1043,56.7367,55.6526,57.5498
2024-03-26,148297,9324584,63.0,63.4,62.2,63.3,0.5,124,0.9034511474774862,56.9174,57.1885,56.1947,57.2788
2024-03-27,158883,10140448,63.1,64.2,63.1,64.1,0.8,145,0.9034511474774862,57.0078,57.9112,57.0078,58.0016
2024-03-28,93228,5974195,64.2,64.2,63.8,64.1,0.0,80,0.9034511474774862,58.0016,57.9112,57.6402,58.0016
2024-03-29,177458,11241459,64.1,64.1,62.6,63.7,-0.4,192,0.9034511474774862,57.9112,57.5498,56.556,57.9112
2024-04-01,113474,7270224,64.2,64.8,63.2,63.5,-0.2,101,0.9034511474774862,58.0016,57.3691,57.0981,58.5436
2024-04-02,99429,6342032,63.5,64.2,63.1,63.5,0.0,109,0.9034511474774862,57.3691,57.3691,57.0078,58.0016
2024-04-03,69991,4443411,63.5,63.9,62.9,63.3,-0.2,95,0.9034511474774862,57.3691,57.1885,56.8271,57.7305
2024-04-08,153856,9798049,63.3,64.4,63.1,63.2,-0.1,143,0.9034511474774862,57.1885,57.0981,57.0078,58.1823
2024-04-09,114659,7167201,64.0,64.0,61.9,62.1,-1.1,178,0.9034511474774862,57.8209,56.1043,55.9236,57.8209
2024-04-10,216137,13047351,62.0,62.0,59.9,60.3,-1.8,327,0.9034511474774862,56.014,54.4781,54.1167,56.014
2024-04-11,69017,4227934,60.9,61.9,60.6,61.0,0.7,59,0.9034511474774862,55.0202,55.1105,54.7491,55.9236
2024-04-12,55419,3355849,60.6,61.1,60.0,60.8,-0.2,63,0.9034511474774862,54.7491,54.9298,54.2071,55.2009
2024-04-15,111355,6683934,60.1,60.6,59.7,60.0,-0.8,128,0.9034511474774862,54.2974,54.2071,53.936,54.7491
2024-04-16,293925,17421434,59.3,60.8,58.0,58.0,-2.0,300,0.9034511474774862,53.5747,52.4002,52.4002,54.9298
2024-04-17,93811,5537332,58.1,60.2,58.1,58.5,0.5,134,0.9034511474774862,52.4905,52.8519,52.4905,54.3878
2024-04-18,130367,7809976,58.2,60.7,58.2,59.8,1.3,180,0.9034511474774862,52.5809,54.0264,52.5809,54.8395
2024-04-19,100311,5974277,61.5,61.5,58.2,58.5,-1.3,139,0.9034511474774862,55.5622,52.8519,52.5809,55.5622
2024-04-22,40350,2368688,58.5,59.6,58.4,58.4,-0.1,51,0.9034511474774862,52.8519,52.7615,52.7615,53.8457
2024-04-23,83043,4861618,58.5,58.9,58.4,58.5,0.1,60,0.9034511474774862,52.8519,52.8519,52.7615,53.2133
2024-04-24,47499,2785633,58.6,59.0,58.5,58.9,0.4,48,0.9034511474774862,52.9422,53.2133,52.8519,53.3036
2024-04-25,64500,3758114,58.5,58.5,58.1,58.2,-0.7,152,0.9034511474774862,52.8519,52.5809,52.4905,52.8519
2024-04-26,172890,9989268,58.6,58.6,57.3,57.3,-0.9,260,0.9034511474774862,52.9422,51.7678,51.7678,52.9422
2024-04-29,70591,4060062,57.9,58.5,57.2,57.2,-0.1,525,0.9034511474774862,52.3098,51.6774,51.6774,52.8519
2024-04-30,169573,9554826,57.2,57.2,56.0,56.8,-0.4,337,0.9034511474774862,51.6774,51.316,50.5933,51.6774
2024-05-02,157347,8833557,56.8,57.4,55.3,57.0,0.2,568,0.9034511474774862,51.316,51.4967,49.9608,51.8581
2024-05-03,61264,3497665,57.5,57.7,56.8,57.1,0.1,139,0.9034511474774862,51.9484,51.5871,51.316,52.1291
2024-05-06,100388,5781253,57.3,58.0,57.1,57.8,0.7,58,0.9034511474774862,51.7678,52.2195,51.5871,52.4002
2024-05-07,58960,3400307,57.9,58.3,57.3,57.5,-0.3,157,0.9034511474774862,52.3098,51.9484,51.7678,52.6712
2024-05-08,72257,4140274,57.5,57.6,57.0,57.0,-0.5,96,0.9034511474774862,51.9484,51.4967,51.4967,52.0388
2024-05-09,45625,2623655,57.6,57.6,57.2,57.4,0.4,41,0.9034511474774862,52.0388,51.8581,51.6774,52.0388
2024-05-10,75530,4430898,58.0,59.4,57.9,58.8,1.4,64,0.9034511474774862,52.4002,53.1229,52.3098,53.665
2024-05-13,66075,3907925,58.8,59.5,58.8,59.3,0.5,49,0.9034511474774862,53.1229,53.5747,53.1229,53.7553
2024-05-14,44093,2597222,59.6,59.6,58.4,58.7,-0.6,52,0.9034511474774862,53.8457,53.0326,52.7615,53.8457
2024-05-15,86700,4998793,58.4,58.4,57.2,57.2,-1.5,142,0.9034511474774862,52.7615,51.6774,51.6774,52.7615
2024-05-16,269326,15371705,57.8,57.8,56.6,57.0,-0.2,165,0.9034511474774862,52.2195,51.4967,51.1353,52.2195
2024-05-17,77143,4424965,57.0,57.6,57.0,57.6,0.6,87,0.9034511474774862,51.4967,52.0388,51.4967,52.0388
2024-05-20,28384,1638891,58.0,58.0,57.5,57.9,0.3,43,0.9034511474774862,52.4002,52.3098,51.9484,52.4002
2024-05-21,50127,2882397,57.6,58.0,57.1,58.0,0.1,92,0.9034511474774862,52.0388,52.4002,51.5871,52.4002
2024-05-22,120696,7033137,58.0,58.8,57.9,58.8,0.8,76,0.9034511474774862,52.4002,53.1229,52.3098,53.1229
2024-05-23,330629,19844664,58.8,60.5,58.8,59.9,1.1,208,0.9034511474774862,53.1229,54.1167,53.1229,54.6588
2024-05-24,98486,5788003,59.7,59.7,58.1,58.6,-1.3,161,0.9034511474774862,53.936,52.9422,52.4905,53.936
2024-05-27,39462,2307291,59.0,59.0,58.3,58.3,-0.3,52,0.9034511474774862,53.3036,52.6712,52.6712,53.3036
2024-05-28,96339,5684420,58.8,59.4,58.5,59.0,0.7,87,0.9034511474774862,53.1229,53.3036,52.8519,53.665
2024-05-29,29338,1727142,58.5,59.2,58.5,58.9,-0.1,94,0.9034511474774862,52.8519,53.2133,52.8519,53.4843
2024-05-30,47554,2783973,58.6,58.9,58.3,58.7,-0.2,62,0.9034511474774862,52.9422,53.0326,52.6712,53.2133
2024-05-31,132133,7840729,58.6,59.8,58.6,59.4,0.7,143,0.9034511474774862,52.9422,53.665,52.9422,54.0264
2024-06-03,50431,2979964,59.3,59.3,58.9,59.0,-0.4,49,0.9034511474774862,53.5747,53.3036,53.2133,53.5747
2024-06-04,97401,5737838,58.9,59.2,58.6,59.1,0.1,58,0.9034511474774862,53.2133,53.394,52.9422,53.4843
2024-06-05,54266,3199976,59.6,59.6,58.9,59.2,0.1,44,0.9034511474774862,53.8457,53.4843,53.2133,53.8457
2024-06-06,53233,3120448,59.0,59.0,58.3,58.7,-0.5,52,0.9034511474774862,53.3036,53.0326,52.6712,53.3036
2024-06-07,28324,1662794,58.7,59.0,58.5,58.8,0.1,140,0.9034511474774862,53.0326,53.1229,52.8519,53.3036
2024-06-11,90300,5306558,59.0,59.4,58.4,58.5,-0.3,80,0.9034511474774862,53.3036,52.8519,52.7615,53.665
2024-06-12,125174,7306200,58.6,58.6,58.1,58.4,-0.1,68,0.9034511474774862,52.9422,52.7615,52.4905,52.9422
2024-06-13,198769,11874351,58.5,60.5,58.5,60.2,1.8,171,0.9034511474774862,52.8519,54.3878,52.8519,54.6588
2024-06-14,95833,5773460,60.6,60.9,59.9,60.1,-0.1,103,0.9034511474774862,54.7491,54.2974,54.1167,55.0202
2024-06-17,133478,8027529,59.7,60.4,59.7,60.2,0.1,89,0.9034511474774862,53.936,54.3878,53.936,54.5684
2024-06-18,138433,8427218,60.2,61.5,60.2,61.2,1.0,123,0.9034511474774862,54.3878,55.2912,54.3878,55.5622
2024-06-19,52741,3231396,61.5,61.8,61.0,61.0,-0.2,72,0.9034511474774862,55.5622,55.1105,55.1105,55.8333
2024-06-20,216659,13235042,61.3,61.6,61.0,61.0,0.0,104,0.9034511474774862,55.3816,55.1105,55.1105,55.6526
2024-06-21,95616,5877666,60.5,61.9,60.5,61.5,0.5,72,0.9034511474774862,54.6588,55.5622,54.6588,55.9236
2024-06-24,125156,7694184,61.5,61.8,61.3,61.5,0.0,204,0.9034511474774862,55.5622,55.5622,55.3816,55.8333
2024-06-25,193027,12073781,62.4,63.2,61.7,63.0,1.5,459,0.9034511474774862,56.3754,56.9174,55.7429,57.0981
2024-06-26,141485,8941106,63.0,63.6,62.8,63.1,0.1,321,0.9034511474774862,56.9174,57.0078,56.7367,57.4595
2024-06-27,86316,5457041,63.4,63.5,62.6,63.3,0.2,101,0.9034511474774862,57.2788,57.1885,56.556,57.3691
2024-06-28,133836,8446598,63.6,63.6,62.6,62.9,-0.4,133,0.9034511474774862,57.4595,56.8271,56.556,57.4595
2024-07-01,134246,8569604,63.1,64.2,63.1,63.9,1.0,105,0.9034511474774862,57.0078,57.7305,57.0078,58.0016
2024-07-02,1848610,118893884,63.3,66.8,63.3,63.9,0.0,359,0.9034511474774862,57.1885,57.7305,57.1885,60.3505
2024-07-03,566061,35990029,64.0,65.0,63.1,63.4,-0.5,157,0.9034511474774862,57.8209,57.2788,57.0078,58.7243
2024-07-04,110983,7099419,63.5,64.3,63.5,64.1,0.7,119,0.9034511474774862,57.3691,57.9112,57.3691,58.0919
2024-07-05,149155,9581005,64.1,64.9,63.9,64.3,0.2,242,0.9034511474774862,57.9112,58.0919,57.7305,58.634
2024-07-08,193721,12470956,65.0,65.1,64.0,64.4,0.1,604,0.9034511474774862,58.7243,58.1823,57.8209,58.8147
2024-07-09,81485,5005878,61.6,62.5,61.0,61.0,0.0,114,0.9541202672605792,58.7738,58.2013,58.2013,59.6325
2024-07-10,80482,4900335,61.4,61.4,60.5,60.9,-0.1,71,0.9541202672605792,58.583,58.1059,57.7243,58.583
2024-07-11,168106,10509469,62.9,63.0,61.9,62.5,1.6,1014,0.9541202672605792,60.0142,59.6325,59.06,60.1096
2024-07-12,76998,4707351,62.5,62.5,60.5,60.6,-1.9,78,0.9541202672605792,59.6325,57.8197,57.7243,59.6325
2024-07-15,75818,4638159,62.3,62.3,60.3,60.8,0.2,63,0.9541202672605792,59.4417,58.0105,57.5335,59.4417
2024-07-16,73361,4431007,61.2,61.2,59.8,60.4,-0.4,84,0.9541202672605792,58.3922,57.6289,57.0564,58.3922
2024-07-17,62351,3767694,60.1,60.7,60.1,60.2,-0.2,78,0.9541202672605792,57.3426,57.438,57.3426,57.9151
2024-07-18,41593,2500073,59.4,60.6,59.2,60.3,0.1,152,0.9541202672605792,56.6747,57.5335,56.4839,57.8197
2024-07-19,47553,2843435,60.3,60.3,59.6,59.7,-0.6,138,0.9541202672605792,57.5335,56.961,56.8656,57.5335
2024-07-22,1084198,62187613,58.7,59.1,57.0,58.7,-1.0,216,0.9541202672605792,56.0069,56.0069,54.3849,56.3885
2024-07-23,76691,4554253,58.7,59.9,58.5,59.8,1.1,86,0.9541202672605792,56.0069,57.0564,55.816,57.1518
2024-07-26,1179626,68265233,57.8,60.9,57.8,60.5,0.7,66,0.9541202672605792,55.1482,57.7243,55.1482,58.1059
2024-07-29,63114,3800100,61.3,61.4,59.6,60.0,-0.5,108,0.9541202672605792,58.4876,57.2472,56.8656,58.583
2024-07-30,68442,4081082,59.6,60.3,59.1,59.2,-0.8,115,0.9541202672605792,56.8656,56.4839,56.3885,57.5335
2024-07-31,67667,4023595,58.8,59.9,58.8,59.5,0.3,54,0.9541202672605792,56.1023,56.7702,56.1023,57.1518
2024-08-01,110208,6698855,60.0,61.5,60.0,60.9,1.4,82,0.9541202672605792,57.2472,58.1059,57.2472,58.6784
2024-08-02,103372,6222611,60.9,60.9,59.5,59.6,-1.3,161,0.9541202672605792,58.1059,56.8656,56.7702,58.1059
2024-08-05,263273,15217743,59.6,59.6,55.9,56.9,-2.7,182,0.9541202672605792,56.8656,54.2894,53.3353,56.8656
2024-08-06,138056,7958286,57.1,59.9,56.5,59.4,2.5,114,0.9541202672605792,54.4803,56.6747,53.9078,57.1518
2024-08-07,106794,6373599,58.7,61.0,58.7,60.0,0.6,111,0.9541202672605792,56.0069,57.2472,56.0069,58.2013
2024-08-08,100191,5998887,60.0,60.0,59.7,60.0,0.0,45,0.9541202672605792,57.2472,57.2472,56.961,57.2472
2024-08-09,196066,12021794,60.1,62.2,60.0,61.5,1.5,136,0.9541202672605792,57.3426,58.6784,57.2472,59.3463
2024-08-12,124266,7615225,61.4,62.3,60.5,61.1,-0.4,188,0.9541202672605792,58.583,58.2967,57.7243,59.4417
2024-08-13,96980,5807537,59.8,60.7,59.5,59.9,-1.2,483,0.9541202672605792,57.0564,57.1518,56.7702,57.9151
2024-08-14,119834,7252677,60.2,61.6,60.0,60.1,0.2,100,0.9541202672605792,57.438,57.3426,57.2472,58.7738
2024-08-15,103715,6306711,60.4,61.2,60.3,61.0,0.9,243,0.9541202672605792,57.6289,58.2013,57.5335,58.3922
2024-08-16,49834,3032522,61.1,61.4,60.3,60.6,-0.4,85,0.9541202672605792,58.2967,57.8197,57.5335,58.583
2024-08-19,87004,5285531,61.2,61.3,60.1,60.6,0.0,83,0.9541202672605792,58.3922,57.8197,57.3426,58.4876
2024-08-20,30091,1823522,61.0,61.2,60.0,60.3,-0.3,35,0.9541202672605792,58.2013,57.5335,57.2472,58.3922
2024-08-21,48958,2950280,60.7,60.7,60.0,60.4,0.1,66,0.9541202672605792,57.9151,57.6289,57.2472,57.9151
2024-08-22,31060,1871931,61.0,61.0,59.9,59.9,-0.5,149,0.9541202672605792,58.2013,57.1518,57.1518,58.2013
2024-08-23,47263,2813851,60.6,60.6,59.3,59.5,-0.4,145,0.9541202672605792,57.8197,56.7702,56.5793,57.8197
2024-08-26,62805,3751264,60.7,60.7,59.3,59.4,-0.1,156,0.9541202672605792,57.9151,56.6747,56.5793,57.9151
2024-08-27,32704,1941294,60.1,60.1,59.2,59.4,0.0,35,0.9541202672605792,57.3426,56.6747,56.4839,57.3426
2024-08-28,43324,2556699,59.9,59.9,58.7,58.9,-0.5,299,0.9541202672605792,57.1518,56.1977,56.0069,57.1518
2024-08-29,44984,2620312,58.9,58.9,58.0,58.2,-0.7,313,0.9541202672605792,56.1977,55.5298,55.339,56.1977
2024-08-30,38812,2257980,57.9,58.7,57.9,58.2,0.0,78,0.9541202672605792,55.2436,55.5298,55.2436,56.0069
2024-09-02,29261,1702344,58.2,58.4,57.9,58.3,0.1,30,0.9541202672605792,55.5298,55.6252,55.2436,55.7206
2024-09-03,11991,695408,58.1,58.2,57.8,57.8,-0.5,23,0.9541202672605792,55.4344,55.1482,55.1482,55.5298
2024-09-04,63484,3606161,57.6,57.6,56.1,56.6,-1.2,384,0.9541202672605792,54.9573,54.0032,53.5261,54.9573
2024-09-05,40849,2303955,56.3,57.0,56.0,56.1,-0.5,180,0.9541202672605792,53.717,53.5261,53.4307,54.3849
2024-09-06,55770,3101055,55.6,56.0,55.5,55.5,-0.6,152,0.9541202672605792,53.0491,52.9537,52.9537,53.4307
2024-09-09,47981,2620212,55.4,55.4,53.8,55.0,-0.5,551,0.9541202672605792,52.8583,52.4766,51.3317,52.8583
2024-09-10,34685,1894991,55.0,55.0,54.2,54.2,-0.8,215,0.9541202672605792,52.4766,51.7133,51.7133,52.4766
2024-09-11,32000,1754700,54.2,55.3,54.2,54.4,0.2,29,0.9541202672605792,51.7133,51.9041,51.7133,52.7629
2024-09-12,47557,2634589,55.0,55.7,55.0,55.3,0.9,37,0.9541202672605792,52.4766,52.7629,52.4766,53.1445
2024-09-13,23722,1316476,55.8,55.8,55.1,55.1,-0.2,30,0.9541202672605792,53.2399,52.572,52.572,53.2399
2024-09-16,36574,2015225,55.1,55.4,54.5,54.9,-0.2,37,0.9541202672605792,52.572,52.3812,51.9996,52.8583
2024-09-18,170914,9485100,55.5,55.9,55.2,55.5,0.6,129,0.9541202672605792,52.9537,52.9537,52.6674,53.3353
2024-09-19,32414,1804077,55.2,55.9,55.2,55.5,0.0,30,0.9541202672605792,52.6674,52.9537,52.6674,53.3353
2024-09-20,74529,4137213,55.8,55.9,55.3,55.6,0.1,82,0.9541202672605792,53.2399,53.0491,52.7629,53.3353
2024-09-23,30748,1699897,55.6,55.6,55.0,55.2,-0.4,135,0.9541202672605792,53.0491,52.6674,52.4766,53.0491
2024-09-24,35259,1948695,55.2,55.4,55.0,55.1,-0.1,56,0.9541202672605792,52.6674,52.572,52.4766,52.8583
2024-09-25,28285,1564126,55.8,55.8,55.2,55.2,0.1,71,0.9541202672605792,53.2399,52.6674,52.6674,53.2399
2024-09-26,34933,1913481,55.5,55.5,54.6,54.8,-0.4,147,0.9541202672605792,52.9537,52.2858,52.095,52.9537
2024-09-27,61310,3355619,55.0,55.0,54.5,54.5,-0.3,46,0.9541202672605792,52.4766,51.9996,51.9996,52.4766
2024-09-30,479465,26219604,54.5,55.0,54.5,54.7,0.2,83,0.9541202672605792,51.9996,52.1904,51.9996,52.4766
2024-10-01,373366,20446781,55.1,55.7,54.7,54.7,0.0,89,0.9541202672605792,52.572,52.1904,52.1904,53.1445
2024-10-04,44321,2430002,55.0,55.5,54.5,54.5,-0.2,49,0.9541202672605792,52.4766,51.9996,51.9996,52.9537
2024-10-07,63819,3487624,54.6,55.1,54.5,54.5,0.0,158,0.9541202672605792,52.095,51.9996,51.9996,52.572
2024-10-08,83910,4574510,55.5,55.5,53.8,54.3,-0.2,197,0.9541202672605792,52.9537,51.8087,51.3317,52.9537
2024-10-09,144210,7985154,54.9,56.5,54.4,55.5,1.2,97,0.9541202672605792,52.3812,52.9537,51.9041,53.9078
2024-10-11,162052,8799098,54.8,55.3,53.5,55.3,-0.2,367,0.9541202672605792,52.2858,52.7629,51.0454,52.7629
2024-10-14,32535,1773090,55.2,55.2,53.9,54.4,-0.9,37,0.9541202672605792,52.6674,51.9041,51.4271,52.6674
2024-10-15,65401,3583067,54.9,55.3,54.2,54.8,0.4,61,0.9541202672605792,52.3812,52.2858,51.7133,52.7629
2024-10-16,17125,933089,54.9,54.9,54.0,54.1,-0.7,22,0.9541202672605792,52.3812,51.6179,51.5225,52.3812
2024-10-17,29233,1581792,54.6,54.6,54.0,54.0,-0.1,70,0.9541202672605792,52.095,51.5225,51.5225,52.095
2024-10-18,39306,2124006,54.0,54.4,53.8,54.1,0.1,41,0.9541202672605792,51.5225,51.6179,51.3317,51.9041
2024-10-21,62746,3448172,54.6,55.5,54.4,55.1,1.0,63,0.9541202672605792,52.095,52.572,51.9041,52.9537
2024-10-22,39731,2195021,55.2,55.4,55.1,55.4,0.3,56,0.9541202672605792,52.6674,52.8583,52.572,52.8583
2024-10-23,154643,8424074,55.7,56.3,53.9,54.0,-1.4,175,0.9541202672605792,53.1445,51.5225,51.4271,53.717
2024-10-24,70158,3761236,54.8,54.8,52.8,52.8,-1.2,101,0.9541202672605792,52.2858,50.3776,50.3776,52.2858
2024-10-25,31670,1678016,52.8,53.5,52.8,53.4,0.6,50,0.9541202672605792,50.3776,50.95,50.3776,51.0454
2024-10-28,826143,44670564,53.5,54.3,53.4,54.1,0.7,131,0.9541202672605792,51.0454,51.6179,50.95,51.8087
2024-10-29,869212,46630103,54.8,55.0,53.5,53.6,-0.5,64,0.9541202672605792,52.2858,51.1408,51.0454,52.4766
2024-10-30,694348,40057503,54.7,58.8,54.7,58.8,5.2,596,0.9541202672605792,52.1904,56.1023,52.1904,56.1023
2024-11-11,2780758,87720182,32.3,32.3,29.8,29.85,0.0,1546,0.9541202672605792,30.8181,28.4805,28.4328,30.8181
2024-11-12,788662,22449642,29.9,29.9,27.7,27.9,-1.95,576,0.9541202672605792,28.5282,26.62,26.4291,28.5282
2024-11-13,375940,10932030,27.6,29.75,27.6,29.3,1.4,473,0.9541202672605792,26.3337,27.9557,26.3337,28.3851
2024-11-14,341130,10120438,29.4,30.4,29.1,29.1,-0.2,502,0.9541202672605792,28.0511,27.7649,27.7649,29.0053
2024-11-15,248927,7074516,29.3,29.3,28.1,28.3,-0.8,341,0.9541202672605792,27.9557,27.0016,26.8108,27.9557
2024-11-18,249396,7052436,28.9,29.0,27.9,27.9,-0.4,286,0.9541202672605792,27.5741,26.62,26.62,27.6695
2024-11-19,235764,6511747,27.95,28.0,27.35,27.45,-0.45,295,0.9541202672605792,26.6677,26.1906,26.0952,26.7154
2024-11-20,147342,4069785,27.6,27.95,27.45,27.5,0.05,132,0.9541202672605792,26.3337,26.2383,26.1906,26.6677
2024-11-21,125103,3511067,27.6,28.4,27.6,27.75,0.25,124,0.9541202672605792,26.3337,26.4768,26.3337,27.097
2024-11-22,108552,3024622,28.3,28.35,27.75,27.75,0.0,99,0.9541202672605792,27.0016,26.4768,26.4768,27.0493
2024-11-25,115806,3254095,28.4,28.45,27.8,27.8,0.05,112,0.9541202672605792,27.097,26.5245,26.5245,27.1447
2024-11-26,70226,1964585,28.35,28.35,27.85,27.85,0.05,250,0.9541202672605792,27.0493,26.5722,26.5722,27.0493
2024-11-27,106450,2959947,27.9,28.0,27.5,27.6,-0.25,103,0.9541202672605792,26.62,26.3337,26.2383,26.7154
2024-11-28,104947,2887975,27.6,27.95,27.0,27.4,-0.2,86,0.9541202672605792,26.3337,26.1429,25.7612,26.6677
2024-11-29,209071,5858104,27.35,28.4,27.3,28.15,0.75,123,0.9541202672605792,26.0952,26.8585,26.0475,27.097
2024-12-02,156308,4372554,28.45,28.5,27.75,27.75,-0.4,201,0.9541202672605792,27.1447,26.4768,26.4768,27.1924
2024-12-03,311336,8480192,28.4,28.4,26.95,27.0,-0.75,255,0.9541202672605792,27.097,25.7612,25.7135,27.097
2024-12-04,174298,4666476,27.05,27.05,26.65,26.8,-0.2,121,0.9541202672605792,25.809,25.5704,25.4273,25.809
2024-12-05,48451,1301867,26.9,27.15,26.7,26.75,-0.05,51,0.9541202672605792,25.6658,25.5227,25.475,25.9044
2024-12-06,105943,2827951,26.75,26.95,26.55,26.65,-0.1,85,0.9541202672605792,25.5227,25.4273,25.3319,25.7135
2024-12-09,306944,7972792,26.65,26.7,25.7,25.7,-0.95,195,0.9541202672605792,25.4273,24.5209,24.5209,25.475
2024-12-10,134394,3452370,25.7,25.9,25.55,25.8,0.1,107,0.9541202672605792,24.5209,24.6163,24.3778,24.7117
2024-12-11,207547,5310729,25.7,25.75,25.35,25.55,-0.25,132,0.9541202672605792,24.5209,24.3778,24.1869,24.5686
2024-12-12,119578,3049439,26.0,26.0,25.4,25.4,-0.15,82,0.9541202672605792,24.8071,24.2347,24.2347,24.8071
2024-12-13,102436,2603658,25.3,25.6,25.2,25.3,-0.1,106,0.9541202672605792,24.1392,24.1392,24.0438,24.4255
2024-12-16,188696,4666915,25.35,25.35,24.35,24.5,-0.8,127,0.9541202672605792,24.1869,23.3759,23.2328,24.1869
2024-12-17,119140,2973304,24.45,25.3,24.45,25.0,0.5,84,0.9541202672605792,23.3282,23.853,23.3282,24.1392
2024-12-18,400209,9724527,24.85,24.85,23.95,24.15,-0.85,268,0.9541202672605792,23.7099,23.042,22.8512,23.7099
2024-12-19,157179,3799048,24.2,24.5,24.0,24.3,0.15,87,0.9541202672605792,23.0897,23.1851,22.8989,23.3759
2024-12-20,78376,1902843,24.0,24.5,24.0,24.3,0.0,75,0.9541202672605792,22.8989,23.1851,22.8989,23.3759
2024-12-23,163973,3983570,24.1,24.6,24.1,24.35,0.05,100,0.9541202672605792,22.9943,23.2328,22.9943,23.4714
2024-12-24,244767,6144822,24.75,25.85,24.7,24.9,0.55,164,0.9541202672605792,23.6145,23.7576,23.5668,24.664
2024-12-25,63543,1582614,25.4,25.4,24.7,25.05,0.15,60,0.9541202672605792,24.2347,23.9007,23.5668,24.2347
2024-12-26,47413,1190399,25.35,25.35,25.0,25.05,0.0,37,0.9541202672605792,24.1869,23.9007,23.853,24.1869
2024-12-27,160206,3974000,25.2,25.2,24.35,24.55,-0.5,83,0.9541202672605792,24.0438,23.4237,23.2328,24.0438
2024-12-30,75620,1869300,24.55,25.1,24.55,24.8,0.25,47,0.9541202672605792,23.4237,23.6622,23.4237,23.9484
2024-12-31,64183,1574418,24.85,24.85,24.2,24.7,-0.1,107,0.9541202672605792,23.7099,23.5668,23.0897,23.7099
2025-01-02,101317,2492173,24.6,24.95,24.45,24.5,-0.2,69,0.9541202672605792,23.4714,23.3759,23.3282,23.8053
2025-01-03,61122,1489436,24.6,24.6,24.1,24.3,-0.2,52,0.9541202672605792,23.4714,23.1851,22.9943,23.4714
2025-01-06,257983,6176467,24.3,24.3,23.65,23.7,-0.6,218,0.9541202672605792,23.1851,22.6127,22.5649,23.1851
2025-01-07,319642,7305506,23.7,23.7,22.55,22.65,-1.05,210,0.9541202672605792,22.6127,21.6108,21.5154,22.6127
2025-01-08,112502,2553937,22.7,22.9,22.55,22.65,0.0,94,0.9541202672605792,21.6585,21.6108,21.5154,21.8494
2025-01-09,97226,2238176,22.55,23.45,22.5,23.4,0.75,80,0.9541202672605792,21.5154,22.3264,21.4677,22.3741
2025-01-10,93275,2176678,23.7,23.7,22.95,23.55,0.15,74,0.9541202672605792,22.6127,22.4695,21.8971,22.6127
2025-01-13,118115,2742400,23.95,23.95,22.9,23.25,-0.3,100,0.9541202672605792,22.8512,22.1833,21.8494,22.8512
2025-01-14,84030,1966492,23.8,23.8,23.1,23.25,0.0,54,0.9541202672605792,22.7081,22.1833,22.0402,22.7081
2025-01-15,99321,2284012,23.4,23.4,22.7,22.85,-0.4,61,0.9541202672605792,22.3264,21.8016,21.6585,22.3264
2025-01-16,45054,1048445,23.0,23.8,22.95,23.5,0.65,47,0.9541202672605792,21.9448,22.4218,21.8971,22.7081
2025-01-17,116186,2705513,23.6,23.6,23.05,23.45,-0.05,57,0.9541202672605792,22.5172,22.3741,21.9925,22.5172
2025-01-20,111512,2627430,23.45,23.95,23.3,23.85,0.4,69,0.9541202672605792,22.3741,22.7558,22.231,22.8512
2025-01-21,76539,1817157,23.85,23.9,23.35,23.6,-0.25,85,0.9541202672605792,22.7558,22.5172,22.2787,22.8035
2025-01-22,397060,10005694,23.6,25.95,23.6,25.95,2.35,284,0.9541202672605792,22.5172,24.7594,22.5172,24.7594
2025-02-03,1116063,29549369,26.0,27.5,25.6,26.3,0.35,911,0.9541202672605792,24.8071,25.0934,24.4255,26.2383
2025-02-04,393874,10398057,26.65,27.25,25.7,25.7,-0.6,311,0.9541202672605792,25.4273,24.5209,24.5209,25.9998
2025-02-05,1481398,40104886,25.9,27.85,25.9,27.45,1.75,706,0.9541202672605792,24.7117,26.1906,24.7117,26.5722
2025-02-06,626210,17070357,27.85,28.0,26.8,26.85,-0.6,572,0.9541202672605792,26.5722,25.6181,25.5704,26.7154
2025-02-07,250075,6705231,26.9,27.25,26.55,26.55,-0.3,285,0.9541202672605792,25.6658,25.3319,25.3319,25.9998
2025-02-10,245842,6629804,26.55,27.15,26.55,26.95,0.4,208,0.9541202672605792,25.3319,25.7135,25.3319,25.9044
2025-02-11,172043,4594541,26.95,27.0,26.5,26.65,-0.3,190,0.9541202672605792,25.7135,25.4273,25.2842,25.7612
2025-02-12,176502,4661929,26.75,26.75,26.15,26.15,-0.5,173,0.9541202672605792,25.5227,24.9502,24.9502,25.5227
2025-02-13,120342,3165930,26.15,26.5,26.1,26.15,0.0,97,0.9541202672605792,24.9502,24.9502,24.9025,25.2842
2025-02-14,149771,3903834,26.4,26.4,25.8,26.05,-0.1,153,0.9541202672605792,25.1888,24.8548,24.6163,25.1888
2025-02-17,723802,19967159,26.35,28.3,26.35,28.0,1.95,498,0.9541202672605792,25.1411,26.7154,25.1411,27.0016
2025-02-18,1427810,40761513,28.3,29.6,28.0,28.05,0.05,926,0.9541202672605792,27.0016,26.7631,26.7154,28.242
2025-02-19,800498,22650833,28.1,29.15,27.9,28.0,-0.05,483,0.9541202672605792,26.8108,26.7154,26.62,27.8126
2025-02-20,486928,13600002,28.1,28.35,27.45,27.85,-0.15,322,0.9541202672605792,26.8108,26.5722,26.1906,27.0493
2025-02-21,686124,19389124,28.25,28.75,27.85,28.0,0.15,437,0.9541202672605792,26.9539,26.7154,26.5722,27.431
2025-02-24,232192,6546639,28.0,28.45,27.85,28.0,0.0,197,0.9541202672605792,26.7154,26.7154,26.5722,27.1447
2025-02-25,986848,28016016,27.8,28.85,27.8,28.05,0.05,440,0.9541202672605792,26.5245,26.7631,26.5245,27.5264
2025-02-26,562701,15635239,27.95,28.2,27.25,27.55,-0.5,333,0.9541202672605792,26.6677,26.286,25.9998,26.9062
2025-02-27,200504,5510573,28.0,28.0,27.2,27.55,0.0,182,0.9541202672605792,26.7154,26.286,25.9521,26.7154
2025-03-03,371222,10274129,27.9,28.25,27.35,27.5,-0.05,196,0.9541202672605792,26.62,26.2383,26.0952,26.9539
2025-03-04,604024,16615681,27.2,27.9,27.15,27.75,0.25,241,0.9541202672605792,25.9521,26.4768,25.9044,26.62
2025-03-05,397615,10938708,27.45,28.0,27.2,27.25,-0.5,306,0.9541202672605792,26.1906,25.9998,25.9521,26.7154
2025-03-06,319505,8687355,27.5,27.75,26.75,26.75,-0.5,197,0.9541202672605792,26.2383,25.5227,25.5227,26.4768
2025-03-07,890203,23473228,26.7,27.05,25.95,26.4,-0.35,423,0.9541202672605792,25.475,25.1888,24.7594,25.809
2025-03-10,759490,20233169,26.75,27.35,26.0,26.65,0.25,341,0.9541202672605792,25.5227,25.4273,24.8071,26.0952
2025-03-11,255080,6677326,26.3,26.5,25.9,26.3,-0.35,152,0.9541202672605792,25.0934,25.0934,24.7117,25.2842
2025-03-12,416772,11367235,26.55,27.65,26.55,27.3,1.0,219,0.9541202672605792,25.3319,26.0475,25.3319,26.3814
2025-03-13,756289,20728750,27.1,27.95,26.75,26.75,-0.55,285,0.9541202672605792,25.8567,25.5227,25.5227,26.6677
2025-03-14,478349,12658143,26.75,27.0,26.15,26.15,-0.6,205,0.9541202672605792,25.5227,24.9502,24.9502,25.7612
2025-03-17,39723,1045572,26.2,26.5,26.2,26.3,0.15,47,0.9541202672605792,24.998,25.0934,24.998,25.2842
2025-03-18,218321,5894927,26.6,27.5,26.3,26.7,0.4,152,0.9541202672605792,25.3796,25.475,25.0934,26.2383
2025-03-19,276380,7318497,26.85,26.85,26.25,26.25,-0.45,134,0.9541202672605792,25.6181,25.0457,25.0457,25.6181
2025-03-20,254220,6737888,26.75,26.95,26.3,26.6,0.35,113,0.9541202672605792,25.5227,25.3796,25.0934,25.7135
2025-03-21,65419,1737386,26.45,26.7,26.4,26.65,0.05,58,0.9541202672605792,25.2365,25.4273,25.1888,25.475
2025-03-24,247169,6456694,26.75,26.75,25.65,25.65,-1.0,211,0.9541202672605792,25.5227,24.4732,24.4732,25.5227
2025-03-25,128139,3361309,26.05,26.4,25.85,26.1,0.45,66,0.9541202672605792,24.8548,24.9025,24.664,25.1888
2025-03-26,376598,9875204,26.15,26.5,25.95,26.2,0.1,122,0.9541202672605792,24.9502,24.998,24.7594,25.2842
2025-03-27,290195,7444973,26.1,26.2,25.25,25.25,-0.95,263,0.9541202672605792,24.9025,24.0915,24.0915,24.998
2025-03-28,1877531,46592336,25.4,25.55,24.7,24.8,-0.45,158,0.9541202672605792,24.2347,23.6622,23.5668,24.3778
2025-03-31,277599,6653258,24.7,24.7,23.45,23.7,-1.1,233,0.9541202672605792,23.5668,22.6127,22.3741,23.5668
2025-04-01,75143,1817295,24.0,24.35,24.0,24.15,0.45,61,0.9541202672605792,22.8989,23.042,22.8989,23.2328
2025-04-02,74438,1789568,24.2,24.2,23.9,23.9,-0.25,58,0.9541202672605792,23.0897,22.8035,22.8035,23.0897
2025-04-07,90361,1947267,21.55,21.55,21.55,21.55,-2.35,72,0.9541202672605792,20.5613,20.5613,20.5613,20.5613
2025-04-08,684640,13469608,19.4,21.55,19.4,19.9,-1.65,417,0.9541202672605792,18.5099,18.987,18.5099,20.5613
2025-04-09,1037568,19319353,19.8,19.85,17.95,19.85,-0.05,486,0.9541202672605792,18.8916,18.9393,17.1265,18.9393
2025-04-10,373937,7973345,20.5,21.75,20.5,21.15,1.3,225,0.9541202672605792,19.5595,20.1796,19.5595,20.7521
2025-04-11,278571,5568014,19.15,20.5,19.15,20.45,-0.7,223,0.9541202672605792,18.2714,19.5118,18.2714,19.5595
2025-04-14,318333,6790007,20.6,22.05,20.6,21.35,0.9,169,0.9541202672605792,19.6549,20.3705,19.6549,21.0384
2025-04-15,252101,5410313,21.5,21.65,21.35,21.5,0.15,115,0.9541202672605792,20.5136,20.5136,20.3705,20.6567
2025-04-16,233402,4900414,21.35,21.35,20.6,21.0,-0.5,122,0.9541202672605792,20.3705,20.0365,19.6549,20.3705
2025-04-17,145714,3015931,20.65,21.0,20.4,21.0,0.0,91,0.9541202672605792,19.7026,20.0365,19.4641,20.0365
2025-04-18,40978,857840,21.0,21.1,20.75,21.1,0.1,41,0.9541202672605792,20.0365,20.1319,19.798,20.1319
2025-04-21,173548,3548013,20.85,20.85,20.1,20.45,-0.65,92,0.9541202672605792,19.8934,19.5118,19.1778,19.8934
2025-04-22,183402,3708406,19.9,20.5,19.9,20.35,-0.1,126,0.9541202672605792,18.987,19.4163,18.987,19.5595
2025-04-23,157060,3219347,20.55,20.7,20.25,20.6,0.25,106,0.9541202672605792,19.6072,19.6549,19.3209,19.7503
2025-04-24,116002,2395991,20.5,20.85,20.5,20.65,0.05,69,0.9541202672605792,19.5595,19.7026,19.5595,19.8934
2025-04-25,81420,1726005,21.05,21.35,21.0,21.2,0.55,62,0.9541202672605792,20.0842,20.2273,20.0365,20.3705
2025-04-28,57251,1207482,21.2,21.25,20.95,21.15,-0.05,39,0.9541202672605792,20.2273,20.1796,19.9888,20.2751
2025-04-29,48309,1025792,21.2,21.35,21.0,21.35,0.2,44,0.9541202672605792,20.2273,20.3705,20.0365,20.3705
2025-04-30,48028,1016094,21.35,21.35,21.0,21.25,-0.1,39,0.9541202672605792,20.3705,20.2751,20.0365,20.3705
2025-05-02,46200,981733,21.25,21.3,21.2,21.2,-0.05,34,0.9541202672605792,20.2751,20.2273,20.2273,20.3228
2025-05-05,103260,2152508,21.4,21.4,20.35,20.95,-0.25,77,0.9541202672605792,20.4182,19.9888,19.4163,20.4182
2025-05-06,36299,753200,20.65,20.9,20.6,20.8,-0.15,35,0.9541202672605792,19.7026,19.8457,19.6549,19.9411
2025-05-07,41346,870378,20.8,21.25,20.8,21.25,0.45,32,0.9541202672605792,19.8457,20.2751,19.8457,20.2751
2025-05-08,39108,833599,21.2,21.75,21.0,21.5,0.25,38,0.9541202672605792,20.2273,20.5136,20.0365,20.7521
2025-05-09,48153,1051310,21.8,21.95,21.65,21.85,0.35,42,0.9541202672605792,20.7998,20.8475,20.6567,20.9429
2025-05-12,84130,1883222,22.75,22.85,22.0,22.35,0.5,60,0.9541202672605792,21.7062,21.3246,20.9906,21.8016
2025-05-13,81433,1799216,22.3,22.8,21.85,21.85,-0.5,57,0.9541202672605792,21.2769,20.8475,20.8475,21.7539
2025-05-14,167351,3704635,22.2,22.35,21.8,22.3,0.45,171,0.9541202672605792,21.1815,21.2769,20.7998,21.3246
2025-05-15,170981,3865322,22.55,23.15,22.3,22.5,0.2,113,0.9541202672605792,21.5154,21.4677,21.2769,22.0879
2025-05-16,203138,4704280,22.6,23.45,22.6,23.05,0.55,210,0.9541202672605792,21.5631,21.9925,21.5631,22.3741
2025-05-19,128014,2915922,23.1,23.1,22.5,23.05,0.0,67,0.9541202672605792,22.0402,21.9925,21.4677,22.0402
2025-05-20,167534,3818507,23.0,23.05,22.35,23.05,0.0,98,0.9541202672605792,21.9448,21.9925,21.3246,21.9925
2025-05-21,196633,4465750,22.75,23.05,22.5,23.05,0.0,132,0.9541202672605792,21.7062,21.9925,21.4677,21.9925
2025-05-22,118050,2708247,22.95,23.05,22.55,22.55,-0.5,40,0.9541202672605792,21.8971,21.5154,21.5154,21.9925
2025-05-23,167327,3738391,22.6,22.6,22.3,22.35,-0.2,58,0.9541202672605792,21.5631,21.3246,21.2769,21.5631
2025-05-26,260100,5921400,22.35,22.9,22.25,22.9,0.55,55,0.9541202672605792,21.3246,21.8494,21.2292,21.8494
2025-05-27,714048,16275134,23.0,23.1,22.6,22.7,-0.2,115,0.9541202672605792,21.9448,21.6585,21.5631,22.0402
2025-05-28,501652,11437502,22.95,23.0,22.6,22.8,0.1,82,0.9541202672605792,21.8971,21.7539,21.5631,21.9448
2025-05-29,211398,4816154,22.9,22.95,22.6,22.8,0.0,81,0.9541202672605792,21.8494,21.7539,21.5631,21.8971
2025-06-02,73250,1657259,22.75,22.75,22.5,22.5,-0.3,72,0.9541202672605792,21.7062,21.4677,21.4677,21.7062
2025-06-03,689000,15701300,22.65,22.95,22.6,22.8,0.3,63,0.9541202672605792,21.6108,21.7539,21.5631,21.8971
2025-06-04,584177,13318626,22.95,22.95,22.65,22.7,-0.1,68,0.9541202672605792,21.8971,21.6585,21.6108,21.8971
2025-06-05,540832,12327909,22.7,22.8,22.7,22.8,0.1,80,0.9541202672605792,21.6585,21.7539,21.6585,21.7539
2025-06-06,310660,7090056,22.95,23.0,22.8,22.8,0.0,89,0.9541202672605792,21.8971,21.7539,21.7539,21.9448
2025-06-09,70060,1602969,22.85,22.95,22.85,22.95,0.15,51,0.9541202672605792,21.8016,21.8971,21.8016,21.8971
2025-06-10,204791,4790030,23.05,23.8,23.05,23.65,0.7,130,0.9541202672605792,21.9925,22.5649,21.9925,22.7081
2025-06-11,75010,1750725,23.6,23.6,23.15,23.35,-0.3,62,0.9541202672605792,22.5172,22.2787,22.0879,22.5172
2025-06-12,60014,1387885,23.15,23.3,23.0,23.25,-0.1,43,0.9541202672605792,22.0879,22.1833,21.9448,22.231
2025-06-13,166001,3770872,23.05,23.05,22.5,22.5,-0.75,102,0.9541202672605792,21.9925,21.4677,21.4677,21.9925
2025-06-16,101224,2278441,22.45,22.75,22.35,22.7,0.2,77,0.9541202672605792,21.42,21.6585,21.3246,21.7062
2025-06-17,95343,2146021,22.95,23.4,22.25,22.5,-0.2,148,0.9541202672605792,21.8971,21.4677,21.2292,22.3264
2025-06-18,40001,891072,22.25,22.35,22.2,22.3,-0.2,33,0.9541202672605792,21.2292,21.2769,21.1815,21.3246
2025-06-19,87612,1944409,22.55,22.55,22.05,22.1,-0.2,138,0.9541202672605792,21.5154,21.0861,21.0384,21.5154
2025-06-20,73287,1595019,22.1,22.1,21.6,21.7,-0.4,54,0.9541202672605792,21.0861,20.7044,20.609,21.0861
2025-06-23,46411,980783,21.35,21.35,21.0,21.15,-0.55,70,0.9541202672605792,20.3705,20.1796,20.0365,20.3705
2025-06-24,78658,1687409,21.25,21.7,21.2,21.7,0.55,73,0.9541202672605792,20.2751,20.7044,20.2273,20.7044
2025-06-25,40172,863378,21.65,21.95,21.35,21.4,-0.3,37,0.9541202672605792,20.6567,20.4182,20.3705,20.9429
2025-06-26,75409,1625518,21.45,21.75,21.45,21.45,0.05,64,0.9541202672605792,20.4659,20.4659,20.4659,20.7521
2025-06-27,227925,5123785,21.95,23.0,21.5,22.45,1.0,225,0.9541202672605792,20.9429,21.42,20.5136,21.9448
2025-06-30,119969,2501569,21.35,21.4,20.5,20.5,0.0,136,1.0,21.35,20.5,20.5,21.4
2025-07-01,151187,3102310,20.5,20.8,20.25,20.55,0.05,116,1.0,20.5,20.55,20.25,20.8
2025-07-02,154326,3110614,20.5,20.7,19.95,20.1,-0.45,96,1.0,20.5,20.1,19.95,20.7
2025-07-03,81045,1625759,20.0,20.25,19.95,20.1,0.0,62,1.0,20.0,20.1,19.95,20.25
2025-07-04,67644,1350141,20.1,20.25,19.9,19.95,-0.15,57,1.0,20.1,19.95,19.9,20.25
2025-07-07,194128,3812538,19.95,19.95,19.5,19.55,-0.4,88,1.0,19.95,19.55,19.5,19.95
2025-07-08,19092,377379,19.75,19.85,19.65,19.8,0.25,18,1.0,19.75,19.8,19.65,19.85
2025-07-09,70748,1395448,19.8,19.8,19.55,19.65,-0.15,30,1.0,19.8,19.65,19.55,19.8
2025-07-10,72384,1416192,19.55,19.65,19.5,19.5,-0.15,32,1.0,19.55,19.5,19.5,19.65
2025-07-11,67085,1311473,19.55,19.7,19.45,19.45,-0.05,34,1.0,19.55,19.45,19.45,19.7
2025-07-14,65030,1266790,19.5,19.6,19.25,19.6,0.15,40,1.0,19.5,19.6,19.25,19.6
2025-07-15,42400,844049,19.5,20.5,19.5,19.7,0.1,37,1.0,19.5,19.7,19.5,20.5
2025-07-16,124000,2475300,19.7,20.3,19.6,20.3,0.6,54,1.0,19.7,20.3,19.6,20.3
2025-07-17,54465,1090267,20.05,20.3,19.9,19.9,-0.4,49,1.0,20.05,19.9,19.9,20.3
2025-07-18,48255,963795,19.9,20.1,19.9,20.0,0.1,56,1.0,19.9,20.0,19.9,20.1
2025-07-21,30365,605809,20.0,20.05,19.9,19.9,-0.1,42,1.0,20.0,19.9,19.9,20.05
2025-07-22,28356,563609,20.2,20.2,19.75,19.75,-0.15,30,1.0,20.2,19.75,19.75,20.2
2025-07-23,2053300,40759725,20.0,20.05,19.75,19.85,0.1,48,1.0,20.0,19.85,19.75,20.05
2025-07-24,1485140,31529559,21.75,21.8,20.45,20.65,0.8,1091,1.0,21.75,20.65,20.45,21.8
2025-07-25,550639,11317590,20.7,20.9,20.35,20.5,-0.15,221,1.0,20.7,20.5,20.35,20.9
2025-07-28,310323,6385427,20.75,20.75,20.4,20.55,0.05,141,1.0,20.75,20.55,20.4,20.75
2025-07-29,113276,2318344,20.5,20.6,20.4,20.4,-0.15,61,1.0,20.5,20.4,20.4,20.6
2025-07-30,91177,1868783,20.6,20.65,20.4,20.4,0.0,42,1.0,20.6,20.4,20.4,20.65
2025-07-31,129436,2633533,20.65,20.65,20.25,20.3,-0.1,67,1.0,20.65,20.3,20.25,20.65
2025-08-01,65177,1321262,20.2,20.4,20.2,20.2,-0.1,65,1.0,20.2,20.2,20.2,20.4
2025-08-04,38061,768625,20.05,20.55,20.05,20.5,0.3,32,1.0,20.05,20.5,20.05,20.55
2025-08-05,85070,1741630,20.55,20.6,20.4,20.4,-0.1,56,1.0,20.55,20.4,20.4,20.6
2025-08-06,74204,1506130,20.55,20.55,20.2,20.2,-0.2,44,1.0,20.55,20.2,20.2,20.55
2025-08-07,84770,1713730,20.2,20.3,20.15,20.2,0.0,43,1.0,20.2,20.2,20.15,20.3
2025-08-08,537766,10942845,20.25,20.65,19.8,20.45,0.25,120,1.0,20.25,20.45,19.8,20.65
2025-08-11,126130,2574008,20.55,20.65,20.25,20.25,-0.2,59,1.0,20.55,20.25,20.25,20.65
2025-08-12,117754,2429294,20.35,21.0,20.25,20.9,0.65,97,1.0,20.35,20.9,20.25,21.0
2025-08-13,299170,6098826,20.9,21.0,19.95,20.95,0.05,214,1.0,20.9,20.95,19.95,21.0
2025-08-14,178407,3712178,20.95,21.05,20.25,21.05,0.1,122,1.0,20.95,21.05,20.25,21.05
2025-08-15,122000,2548550,21.2,21.2,20.6,20.95,-0.1,53,1.0,21.2,20.95,20.6,21.2
2025-08-18,174643,3625560,20.65,21.0,20.55,20.65,-0.3,101,1.0,20.65,20.65,20.55,21.0
2025-08-19,144600,2991426,20.85,20.85,20.5,20.7,0.05,76,1.0,20.85,20.7,20.5,20.85
2025-08-20,423365,8846263,20.7,21.15,20.5,21.1,0.4,134,1.0,20.7,21.1,20.5,21.15
2025-08-21,211438,4431830,21.1,21.1,20.85,20.95,-0.15,94,1.0,21.1,20.95,20.85,21.1
2025-08-22,154631,3216141,20.9,20.9,20.7,20.85,-0.1,77,1.0,20.9,20.85,20.7,20.9
2025-08-25,115975,2413723,20.8,21.0,20.7,20.75,-0.1,83,1.0,20.8,20.75,20.7,21.0
2025-08-26,182453,3789471,20.75,20.85,20.6,20.85,0.1,58,1.0,20.75,20.85,20.6,20.85
2025-08-27,98431,2046616,20.8,20.9,20.65,20.65,-0.2,62,1.0,20.8,20.65,20.65,20.9
2025-08-28,97843,2028728,20.7,20.8,20.65,20.65,0.0,62,1.0,20.7,20.65,20.65,20.8
2025-08-29,170817,3480162,20.7,20.7,20.0,20.0,-0.65,130,1.0,20.7,20.0,20.0,20.7
2025-09-01,243254,4907907,20.15,20.8,20.0,20.5,0.5,126,1.0,20.15,20.5,20.0,20.8
2025-09-02,76001,1546070,20.65,20.65,20.05,20.5,0.0,54,1.0,20.65,20.5,20.05,20.65
2025-09-03,16647,339280,20.35,20.55,20.35,20.4,-0.1,29,1.0,20.35,20.4,20.35,20.55
2025-09-04,273804,5589391,20.2,20.75,20.2,20.6,0.2,78,1.0,20.2,20.6,20.2,20.75
2025-09-05,60142,1230232,20.55,20.6,20.4,20.4,-0.2,32,1.0,20.55,20.4,20.4,20.6
2025-09-08,86419,1769003,20.5,20.55,20.4,20.55,0.15,54,1.0,20.5,20.55,20.4,20.55
2025-09-09,134605,2731515,20.35,20.45,20.2,20.2,-0.35,77,1.0,20.35,20.2,20.2,20.45
2025-09-10,100684,2031252,20.25,20.45,20.05,20.1,-0.1,58,1.0,20.25,20.1,20.05,20.45
2025-09-11,115900,2317417,20.15,20.15,19.85,19.85,-0.25,60,1.0,20.15,19.85,19.85,20.15
2025-09-12,141142,2818298,19.75,20.2,19.75,19.9,0.05,60,1.0,19.75,19.9,19.75,20.2
2025-09-15,103083,2056315,19.7,20.05,19.7,19.9,0.0,59,1.0,19.7,19.9,19.7,20.05
2025-09-16,52080,1039441,19.95,20.0,19.8,19.8,-0.1,25,1.0,19.95,19.8,19.8,20.0
2025-09-17,104421,2085716,19.8,20.2,19.8,19.85,0.05,84,1.0,19.8,19.85,19.8,20.2
2025-09-18,82958,1650296,19.9,20.0,19.8,19.8,-0.05,46,1.0,19.9,19.8,19.8,20.0
2025-09-19,87311,1725090,19.85,19.9,19.65,19.65,-0.15,65,1.0,19.85,19.65,19.65,19.9
2025-09-22,90474,1802879,19.9,20.0,19.75,20.0,0.35,61,1.0,19.9,20.0,19.75,20.0
2025-09-23,648892,12421542,20.0,20.0,18.6,19.3,-0.7,527,1.0,20.0,19.3,18.6,20.0
2025-09-24,381202,7159725,19.3,19.3,18.35,18.8,-0.5,387,1.0,19.3,18.8,18.35,19.3
2025-09-25,251811,4700983,18.8,19.1,18.3,19.1,0.3,180,1.0,18.8,19.1,18.3,19.1
2025-09-26,58001,1102069,19.05,19.15,18.9,19.0,-0.1,35,1.0,19.05,19.0,18.9,19.15
2025-09-30,47511,900859,19.0,19.0,18.8,18.9,-0.1,52,1.0,19.0,18.9,18.8,19.0
2025-10-01,43175,826234,19.15,19.2,19.1,19.15,0.25,26,1.0,19.15,19.15,19.1,19.2
2025-10-02,148739,2794143,18.85,19.2,18.4,19.0,-0.15,127,1.0,18.85,19.0,18.4,19.2
2025-10-03,58840,1103610,19.0,19.0,18.6,18.8,-0.2,51,1.0,19.0,18.8,18.6,19.0
2025-10-07,133234,2523147,18.8,19.25,18.6,18.85,0.05,95,1.0,18.8,18.85,18.6,19.25
2025-10-08,39065,731422,19.05,19.05,18.6,18.6,-0.25,34,1.0,19.05,18.6,18.6,19.05
2025-10-09,122010,2309355,18.9,19.15,18.7,18.75,0.15,90,1.0,18.9,18.75,18.7,19.15
2025-10-13,93584,1756035,18.5,18.9,18.5,18.8,0.05,52,1.0,18.5,18.8,18.5,18.9
2025-10-14,162602,3000354,18.8,18.85,18.0,18.5,-0.3,93,1.0,18.8,18.5,18.0,18.85
2025-10-15,134350,2479391,18.55,18.75,18.25,18.6,0.1,66,1.0,18.55,18.6,18.25,18.75
2025-10-16,3026022,56589414,18.25,18.95,18.25,18.7,0.1,50,1.0,18.25,18.7,18.25,18.95
2025-10-17,489766,9768736,19.0,20.25,19.0,19.7,1.0,347,1.0,19.0,19.7,19.0,20.25
2025-10-20,83105,1634373,19.8,19.8,19.5,19.65,-0.05,88,1.0,19.8,19.65,19.5,19.8
2025-10-21,104158,2082190,19.7,20.3,19.7,19.85,0.2,134,1.0,19.7,19.85,19.7,20.3
2025-10-22,48150,957457,20.0,20.1,19.8,20.0,0.15,39,1.0,20.0,20.0,19.8,20.1
2025-10-23,106073,2123662,20.0,20.25,19.9,20.0,0.0,74,1.0,20.0,20.0,19.9,20.25
2025-10-27,72252,1445714,20.2,20.45,19.85,19.85,-0.15,99,1.0,20.2,19.85,19.85,20.45
2025-10-28,65000,1279300,19.95,20.0,19.45,19.45,-0.4,41,1.0,19.95,19.45,19.45,20.0
2025-10-29,82612,1600876,19.45,19.65,19.25,19.65,0.2,51,1.0,19.45,19.65,19.25,19.65
2025-10-30,153883,2954739,19.5,19.5,19.0,19.35,-0.3,108,1.0,19.5,19.35,19.0,19.5
2025-10-31,68912,1321493,19.3,19.35,19.05,19.05,-0.3,46,1.0,19.3,19.05,19.05,19.35
2025-11-03,32152,614044,19.1,19.35,19.05,19.05,0.0,26,1.0,19.1,19.05,19.05,19.35
2025-11-04,126985,2377070,19.05,19.05,18.5,18.7,-0.35,112,1.0,19.05,18.7,18.5,19.05
2025-11-05,48000,887800,18.7,18.7,18.35,18.55,-0.15,30,1.0,18.7,18.55,18.35,18.7
2025-11-06,94095,1735201,18.75,18.75,18.25,18.45,-0.1,58,1.0,18.75,18.45,18.25,18.75
2025-11-07,105300,1943768,18.4,18.6,18.3,18.3,-0.15,48,1.0,18.4,18.3,18.3,18.6
2025-11-10,281742,5060470,18.55,18.55,17.7,17.95,-0.35,343,1.0,18.55,17.95,17.7,18.55
2025-11-11,149378,2673138,18.1,18.2,17.75,17.95,0.0,73,1.0,18.1,17.95,17.75,18.2
2025-11-12,71574,1277596,17.85,18.0,17.75,18.0,0.05,46,1.0,17.85,18.0,17.75,18.0
2025-11-13,65439,1199009,18.75,18.75,18.1,18.4,0.4,52,1.0,18.75,18.4,18.1,18.75
2025-11-14,159038,2948041,18.35,19.0,18.2,18.2,-0.2,94,1.0,18.35,18.2,18.2,19.0
2025-11-17,62280,1142850,18.4,18.55,18.2,18.3,0.1,59,1.0,18.4,18.3,18.2,18.55
2025-11-18,86359,1559751,18.1,18.3,17.9,18.1,-0.2,45,1.0,18.1,18.1,17.9,18.3
2025-11-19,77032,1387614,18.1,18.2,17.9,18.2,0.1,41,1.0,18.1,18.2,17.9,18.2
2025-11-20,17200,312450,18.05,18.2,18.05,18.1,-0.1,13,1.0,18.05,18.1,18.05,18.2
2025-11-21,64694,1162736,18.0,18.15,17.85,18.1,0.0,41,1.0,18.0,18.1,17.85,18.15
2025-11-24,24736,447773,18.1,18.3,18.0,18.0,-0.1,26,1.0,18.1,18.0,18.0,18.3
2025-11-25,61636,1103536,18.0,18.0,17.85,17.85,-0.15,49,1.0,18.0,17.85,17.85,18.0
2025-11-26,24910,448173,17.9,18.1,17.9,18.0,0.15,22,1.0,17.9,18.0,17.9,18.1
2025-11-27,31806,569726,17.9,18.0,17.85,17.9,-0.1,26,1.0,17.9,17.9,17.85,18.0
2025-11-28,25553,458095,17.9,18.0,17.8,18.0,0.1,31,1.0,17.9,18.0,17.8,18.0
2025-12-01,128385,2271763,18.0,18.0,17.4,17.8,-0.2,71,1.0,18.0,17.8,17.4,18.0
2025-12-02,38773,692227,17.9,17.95,17.8,17.85,0.05,40,1.0,17.9,17.85,17.8,17.95
2025-12-03,28100,500632,17.8,17.85,17.75,17.85,0.0,21,1.0,17.8,17.85,17.75,17.85
2025-12-04,182801,3201141,17.8,17.8,17.4,17.5,-0.35,152,1.0,17.8,17.5,17.4,17.8
2025-12-05,45237,790887,17.6,17.65,17.35,17.55,0.05,40,1.0,17.6,17.55,17.35,17.65
2025-12-08,117252,2044445,17.55,17.75,17.3,17.55,0.0,87,1.0,17.55,17.55,17.3,17.75
2025-12-09,105023,1831549,17.55,17.65,17.2,17.65,0.1,66,1.0,17.55,17.65,17.2,17.65
2025-12-10,181553,3196455,17.7,17.85,17.3,17.5,-0.15,97,1.0,17.7,17.5,17.3,17.85
2025-12-11,227350,3945786,17.5,17.5,17.1,17.4,-0.1,122,1.0,17.5,17.4,17.1,17.5
2025-12-12,26749,465819,17.45,17.45,17.35,17.45,0.05,30,1.0,17.45,17.45,17.35,17.45
2025-12-15,135567,2395165,17.45,17.8,17.45,17.6,0.15,76,1.0,17.45,17.6,17.45,17.8
2025-12-16,507414,9530949,17.55,19.35,17.55,18.7,1.1,696,1.0,17.55,18.7,17.55,19.35
2025-12-17,139473,2617140,18.8,18.85,18.6,18.65,-0.05,78,1.0,18.8,18.65,18.6,18.85
2025-12-18,57424,1060801,18.65,18.65,18.35,18.35,-0.3,48,1.0,18.65,18.35,18.35,18.65
2025-12-19,132414,2417390,18.5,18.55,18.0,18.05,-0.3,85,1.0,18.5,18.05,18.0,18.55
2025-12-22,88165,1607491,18.05,18.4,18.05,18.1,0.05,51,1.0,18.05,18.1,18.05,18.4
2025-12-23,112420,2039506,18.15,18.2,18.1,18.1,0.0,35,1.0,18.15,18.1,18.1,18.2
2025-12-24,89067,1618019,18.15,18.35,18.0,18.25,0.15,44,1.0,18.15,18.25,18.0,18.35
2025-12-26,79279,1443685,18.25,18.45,18.05,18.25,0.0,49,1.0,18.25,18.25,18.05,18.45
2025-12-29,138754,2508013,18.25,18.3,17.9,18.05,-0.2,93,1.0,18.25,18.05,17.9,18.3
2025-12-30,117366,2111533,18.05,18.05,17.9,17.9,-0.15,57,1.0,18.05,17.9,17.9,18.05
2025-12-31,112067,2007742,17.9,18.05,17.8,18.0,0.1,64,1.0,17.9,18.0,17.8,18.05
2026-01-02,203332,3659095,18.0,18.1,17.9,17.9,-0.1,142,1.0,18.0,17.9,17.9,18.1
2026-01-05,331133,5797769,17.95,18.2,17.2,17.2,-0.7,306,1.0,17.95,17.2,17.2,18.2
2026-01-06,382955,6501203,17.3,17.45,16.6,17.25,0.05,229,1.0,17.3,17.25,16.6,17.45
2026-01-07,715441,11972393,17.2,17.2,16.6,16.6,-0.65,371,1.0,17.2,16.6,16.6,17.2
2026-01-08,439782,7346721,16.65,17.05,16.6,16.7,0.1,266,1.0,16.65,16.7,16.6,17.05
2026-01-09,369820,6336335,16.95,17.65,16.95,17.1,0.4,228,1.0,16.95,17.1,16.95,17.65
2026-01-12,1016048,19101699,18.8,18.8,18.8,18.8,1.7,249,1.0,18.8,18.8,18.8,18.8
2026-01-13,3366408,69516317,20.65,20.65,20.65,20.65,1.85,361,1.0,20.65,20.65,20.65,20.65
2026-01-14,7092930,161009504,22.7,22.7,22.7,22.7,2.05,1648,1.0,22.7,22.7,22.7,22.7
2026-01-15,38028081,941854510,24.95,24.95,23.8,24.75,2.05,15044,1.0,24.95,24.75,23.8,24.95
2026-01-16,10838927,246972712,24.85,24.85,22.3,22.3,-2.45,5550,1.0,24.85,22.3,22.3,24.85
2026-01-19,12762223,292419598,21.9,24.4,21.15,24.3,2.0,6805,1.0,21.9,24.3,21.15,24.4
2026-01-20,6855466,163098199,23.7,25.0,22.95,23.2,-1.1,4168,1.0,23.7,23.2,22.95,25.0
2026-01-21,3654809,83572302,22.75,23.75,21.95,22.35,-0.85,2410,1.0,22.75,22.35,21.95,23.75
2026-01-22,3763090,81458544,22.6,22.8,20.9,21.0,-1.35,2351,1.0,22.6,21.0,20.9,22.8
2026-01-23,2120921,43751682,21.15,21.4,20.25,20.45,-0.55,1444,1.0,21.15,20.45,20.25,21.4
2026-01-26,1530305,31570504,20.8,20.8,20.45,20.65,0.2,866,1.0,20.8,20.65,20.45,20.8
2026-01-27,1617370,33832779,20.8,21.45,20.6,20.6,-0.05,1149,1.0,20.8,20.6,20.6,21.45
2026-01-28,1505671,30518438,20.85,20.85,20.05,20.05,-0.55,991,1.0,20.85,20.05,20.05,20.85
2026-01-29,2051094,40213379,20.05,20.25,19.25,19.4,-0.65,1180,1.0,20.05,19.4,19.25,20.25
2026-01-30,1207269,22889214,19.5,19.5,18.7,18.85,-0.55,788,1.0,19.5,18.85,18.7,19.5
2026-02-02,1689956,30720708,18.7,18.7,17.95,18.1,-0.75,1027,1.0,18.7,18.1,17.95,18.7
2026-02-03,1022900,18487773,18.5,18.6,17.85,17.9,-0.2,763,1.0,18.5,17.9,17.85,18.6
2026-02-04,753318,13753862,18.0,18.55,17.9,18.35,0.45,544,1.0,18.0,18.35,17.9,18.55
2026-02-05,808419,14955547,18.4,18.8,18.05,18.55,0.2,525,1.0,18.4,18.55,18.05,18.8
2026-02-06,682033,12322973,18.4,18.4,17.85,18.2,-0.35,427,1.0,18.4,18.2,17.85,18.4
2026-02-09,784355,13980716,18.5,18.5,17.7,17.7,-0.5,459,1.0,18.5,17.7,17.7,18.5
2026-02-10,844253,15364430,18.0,18.65,17.7,18.6,0.9,565,1.0,18.0,18.6,17.7,18.65
2026-02-11,612207,11223500,18.6,18.6,18.25,18.35,-0.25,430,1.0,18.6,18.35,18.25,18.6
2026-02-23,1246366,23774611,18.45,19.65,18.45,19.45,1.1,732,1.0,18.45,19.45,18.45,19.65
2026-02-24,2245643,44822085,19.45,20.4,19.3,19.95,0.5,1231,1.0,19.45,19.95,19.3,20.4
2026-02-25,929396,18170434,19.95,20.0,19.3,19.35,-0.6,665,1.0,19.95,19.35,19.3,20.0
2026-02-26,764008,15152482,19.35,20.15,19.35,19.95,0.6,429,1.0,19.35,19.95,19.35,20.15
2026-03-02,822465,16195178,20.1,20.1,19.45,19.65,-0.3,499,1.0,20.1,19.65,19.45,20.1
2026-03-03,972960,18614611,19.65,19.65,18.8,19.1,-0.55,459,1.0,19.65,19.1,18.8,19.65
2026-03-04,975190,18166004,18.65,19.0,18.05,18.8,-0.3,489,1.0,18.65,18.8,18.05,19.0
2026-03-05,390230,7395078,19.0,19.15,18.8,18.9,0.1,257,1.0,19.0,18.9,18.8,19.15
2026-03-06,405824,7712486,19.1,19.2,18.7,19.1,0.2,232,1.0,19.1,19.1,18.7,19.2
2026-03-09,949800,17774238,18.15,18.95,18.15,18.8,-0.3,367,1.0,18.15,18.8,18.15,18.95
2026-03-10,489802,9342528,19.15,19.5,18.85,19.0,0.2,280,1.0,19.15,19.0,18.85,19.5
2026-03-11,456963,8822778,19.1,19.4,19.1,19.3,0.3,225,1.0,19.1,19.3,19.1,19.4
2026-03-12,433591,8220601,19.1,19.2,18.8,18.8,-0.5,241,1.0,19.1,18.8,18.8,19.2
2026-03-13,645293,12226291,18.5,19.2,18.4,19.0,0.2,250,1.0,18.5,19.0,18.4,19.2
2026-03-16,809824,15597791,19.0,19.5,19.0,19.15,0.15,270,1.0,19.0,19.15,19.0,19.5
2026-03-17,956484,18727401,19.4,19.8,19.2,19.7,0.55,422,1.0,19.4,19.7,19.2,19.8
2026-03-18,701992,13718847,20.0,20.0,19.3,19.35,-0.35,352,1.0,20.0,19.35,19.3,20.0
2026-03-19,643732,12503589,19.35,19.8,18.95,19.4,0.05,337,1.0,19.35,19.4,18.95,19.8
2026-03-20,430500,8409475,19.4,19.9,19.3,19.55,0.15,245,1.0,19.4,19.55,19.3,19.9
2026-03-23,1103817,22118766,19.4,20.7,19.2,19.95,0.4,692,1.0,19.4,19.95,19.2,20.7
2026-03-24,650395,12765641,20.3,20.35,19.3,19.35,-0.6,434,1.0,20.3,19.35,19.3,20.35
2026-03-25,943127,18834804,19.65,20.3,19.45,20.25,0.9,484,1.0,19.65,20.25,19.45,20.3
2026-03-26,678444,13587457,20.7,20.7,19.8,19.8,-0.45,456,1.0,20.7,19.8,19.8,20.7
2026-03-27,368467,7184364,19.6,19.8,19.3,19.4,-0.4,252,1.0,19.6,19.4,19.3,19.8
2026-03-30,403265,7659102,19.05,19.15,18.8,19.0,-0.4,205,1.0,19.05,19.0,18.8,19.15
2026-03-31,420345,7845785,18.8,19.0,18.5,18.65,-0.35,212,1.0,18.8,18.65,18.5,19.0
2026-04-01,385496,7360078,19.0,19.5,18.75,18.95,0.3,204,1.0,19.0,18.95,18.75,19.5
2026-04-02,322846,6040631,19.0,19.15,18.5,18.5,-0.45,255,1.0,19.0,18.5,18.5,19.15
2026-04-07,255504,4706123,18.6,18.6,18.2,18.2,-0.3,167,1.0,18.6,18.2,18.2,18.6
2026-04-08,467118,8802765,18.35,19.2,18.3,19.0,0.8,282,1.0,18.35,19.0,18.3,19.2
2026-04-09,505471,9625137,19.5,19.5,18.8,18.95,-0.05,275,1.0,19.5,18.95,18.8,19.5
2026-04-10,463353,8718937,18.9,19.0,18.65,18.95,0.0,238,1.0,18.9,18.95,18.65,19.0
2026-04-13,451539,8429762,18.85,18.9,18.6,18.6,-0.35,241,1.0,18.85,18.6,18.6,18.9
2026-04-14,447828,8330497,19.05,19.05,18.45,18.6,0.0,271,1.0,19.05,18.6,18.45,19.05
2026-04-15,679367,12539474,18.85,18.85,18.3,18.3,-0.3,364,1.0,18.85,18.3,18.3,18.85
2026-04-16,342412,6255697,18.35,18.35,18.15,18.2,-0.1,267,1.0,18.35,18.2,18.15,18.35
2026-04-17,466991,8452171,18.2,18.35,18.0,18.2,0.0,303,1.0,18.2,18.2,18.0,18.35
2026-04-20,615335,11206236,18.2,18.75,18.05,18.05,-0.15,385,1.0,18.2,18.05,18.05,18.75
2026-04-21,610141,11166157,18.1,18.55,18.1,18.2,0.15,327,1.0,18.1,18.2,18.1,18.55
2026-04-22,565603,10365446,18.3,18.7,18.05,18.3,0.1,331,1.0,18.3,18.3,18.05,18.7
2026-04-23,808830,14426343,18.4,18.4,17.5,17.85,-0.45,477,1.0,18.4,17.85,17.5,18.4
2026-04-24,475668,8574034,17.85,18.15,17.55,18.0,0.15,275,1.0,17.85,18.0,17.55,18.15
2026-04-27,388188,6878606,18.0,18.0,17.55,17.95,-0.05,276,1.0,18.0,17.95,17.55,18.0
2026-04-28,289869,5217264,18.0,18.1,17.8,17.95,0.0,187,1.0,18.0,17.95,17.8,18.1
2026-04-29,3335281,58902659,18.05,18.05,17.65,17.65,-0.3,184,1.0,18.05,17.65,17.65,18.05
2026-04-30,264789,4659414,17.75,17.8,17.45,17.45,-0.2,223,1.0,17.75,17.45,17.45,17.8
2026-05-04,300151,5230055,17.55,17.65,17.25,17.25,-0.2,241,1.0,17.55,17.25,17.25,17.65
2026-05-05,513782,8862249,17.25,17.35,17.1,17.25,0.0,218,1.0,17.25,17.25,17.1,17.35
2026-05-06,354434,6083293,17.3,17.3,17.1,17.2,-0.05,275,1.0,17.3,17.2,17.1,17.3
2026-05-07,319956,5530298,17.6,17.6,17.1,17.3,0.1,206,1.0,17.6,17.3,17.1,17.6
2026-05-08,529029,9089930,17.35,17.4,16.95,17.15,-0.15,309,1.0,17.35,17.15,16.95,17.4
2026-05-11,482676,8226266,17.05,17.15,16.95,17.1,-0.05,273,1.0,17.05,17.1,16.95,17.15
2026-05-12,339452,5744506,17.25,17.25,16.85,17.0,-0.1,235,1.0,17.25,17.0,16.85,17.25
2026-05-13,249745,4201181,16.85,17.0,16.75,16.75,-0.25,195,1.0,16.85,16.75,16.75,17.0
2026-05-14,950104,15494773,16.75,16.9,16.05,16.2,-0.55,586,1.0,16.75,16.2,16.05,16.9
2026-05-15,555048,9028142,16.25,16.85,15.95,16.1,-0.1,404,1.0,16.25,16.1,15.95,16.85
